mode,route_id,route_short_name_T3,route_long_name_T3,med_T3,route_short_name_T3W,route_long_name_T3W,med_T3W_MULTI,delta_min
bus,904,537,ΑΧΑΡΝΑΙ - ΒΑΡΥΜΠΟΜΠΗ,25.97,537,ΑΧΑΡΝΑΙ - ΒΑΡΥΜΠΟΜΠΗ,5.0,-20.97
bus,913,503,ΖΗΡΙΝΕΙΟ - ΒΑΡΥΜΠΟΜΠΗ,5.0,503,ΖΗΡΙΝΕΙΟ - ΒΑΡΥΜΠΟΜΠΗ,2.51,-2.49
bus,1679,314,Γ* ΣΤ. ΔΟΥΚ. ΠΛΑΚΕΝΤΙΑΣ - ΠΑΛΛΗΝΗ - ΝΕΑ ΜΑΚΡΗ,8.13,314,Γ* ΣΤ. ΔΟΥΚ. ΠΛΑΚΕΝΤΙΑΣ - ΠΑΛΛΗΝΗ - ΝΕΑ ΜΑΚΡΗ,7.5,-0.6300000000000008
bus,1547,Χ97,ΑΕΡΟΛΙΜΕΝΑΣ ΑΘΗΝΩΝ - ΣΤ. ΕΛΛΗΝΙΚΟ (EXPRESS) (ΚΥΚΛΙΚΗ),60.0,Χ97,ΑΕΡΟΛΙΜΕΝΑΣ ΑΘΗΝΩΝ - ΣΤ. ΕΛΛΗΝΙΚΟ (EXPRESS) (ΚΥΚΛΙΚΗ),60.0,0.0
bus,750,024,ΑΓ. ΑΝΑΡΓΥΡΟΙ - ΣΤ. ΚΑΤΩ ΠΑΤΗΣΙΑ (ΚΥΚΛΙΚΗ),56.45,024,ΑΓ. ΑΝΑΡΓΥΡΟΙ - ΣΤ. ΚΑΤΩ ΠΑΤΗΣΙΑ (ΚΥΚΛΙΚΗ),56.45,0.0
bus,836,560,ΣΤ. ΚΗΦΙΣΙΑ - ΜΟΡΤΕΡΟ - Ν. ΕΡΥΘΡΑΙΑ,50.0,560,ΣΤ. ΚΗΦΙΣΙΑ - ΜΟΡΤΕΡΟ - Ν. ΕΡΥΘΡΑΙΑ,50.0,0.0
bus,814,864,ΕΛΕΥΣΙΝΑ - ΒΙΟΜΗΧΑΝΙΚΗ ΠΕΡΙΟΧΗ ΜΑΓΟΥΛΑΣ (ΚΥΚΛΙΚΗ),56.85,864,ΕΛΕΥΣΙΝΑ - ΒΙΟΜΗΧΑΝΙΚΗ ΠΕΡΙΟΧΗ ΜΑΓΟΥΛΑΣ (ΚΥΚΛΙΚΗ),56.85,0.0
bus,1223,326,ΣΤ. ΚΑΝΤΖΑ - ΣΠΑΤΑ - ΑΡΤΕΜΙΣ (ΚΥΚΛΙΚΗ),60.0,326,ΣΤ. ΚΑΝΤΖΑ - ΣΠΑΤΑ - ΑΡΤΕΜΙΣ (ΚΥΚΛΙΚΗ),60.0,0.0
bus,1383,Ε14,ΣΥΝΤΑΓΜΑ - Ο.Α.Κ.Α. - ΥΠ. ΠΑΙΔΕΙΑΣ (EXPRESS),20.0,Ε14,ΣΥΝΤΑΓΜΑ - Ο.Α.Κ.Α. - ΥΠ. ΠΑΙΔΕΙΑΣ (EXPRESS),20.0,0.0
bus,1178,204Β,ΕΚΕΜΣ - ΑΚΑΔΗΜΙΑ(ΚΥΚΛΙΚΗ),20.0,204Β,ΕΚΕΜΣ - ΑΚΑΔΗΜΙΑ(ΚΥΚΛΙΚΗ),20.0,0.0
bus,1520,052,ΣΤ. ΕΛΑΙΩΝΑ - ΣΤ. ΥΠΕΡ. ΛΕΩΦ. ΚΗΦΙΣΟΥ (ΚΥΚΛΙΚΗ),15.0,052,ΣΤ. ΕΛΑΙΩΝΑ - ΣΤ. ΥΠΕΡ. ΛΕΩΦ. ΚΗΦΙΣΟΥ (ΚΥΚΛΙΚΗ),15.0,0.0
bus,1025,Χ95,ΣΥΝΤΑΓΜΑ - ΑΕΡΟΛ. ΑΘΗΝΩΝ (EXPRESS),15.0,Χ95,ΣΥΝΤΑΓΜΑ - ΑΕΡΟΛ. ΑΘΗΝΩΝ (EXPRESS),15.0,0.0
bus,1453,811,ΧΑΪΔΑΡΙ - ΣΤ. ΑΓΙΑ ΜΑΡΙΝΑ (ΕΝΑΛΛΑΚΤΙΚΗ ΛΟΓΩ ΛΑΪΚΗΣ ΚΑΘΕ ΤΕΤΑΡΤΗ),15.0,811,ΧΑΪΔΑΡΙ - ΣΤ. ΑΓΙΑ ΜΑΡΙΝΑ (ΕΝΑΛΛΑΚΤΙΚΗ ΛΟΓΩ ΛΑΪΚΗΣ ΚΑΘΕ ΤΕΤΑΡΤΗ),15.0,0.0
bus,1124,123,ΣΑΡΩΝΙΔΑ-ΑΝΑΒΥΣΣΟΣ-ΠΑΛΑΙΑ ΦΩΚΑΙΑ (ΚΥΚΛΙΚΗ),47.58,123,ΣΑΡΩΝΙΔΑ-ΑΝΑΒΥΣΣΟΣ-ΠΑΛΑΙΑ ΦΩΚΑΙΑ (ΚΥΚΛΙΚΗ),47.58,0.0
bus,890,819,ΠΕΡΑΜΑ - ΝΕΚΡ. ΣΧΙΣΤΟΥ,50.0,819,ΠΕΡΑΜΑ - ΝΕΚΡ. ΣΧΙΣΤΟΥ,50.0,0.0
bus,979,541,ΜΕΤΑΜΟΡΦΩΣΗ - ΣΤ. ΑΜΑΡΟΥΣΙΟΥ (ΚΥΚΛΙΚΗ),56.48,541,ΜΕΤΑΜΟΡΦΩΣΗ - ΣΤ. ΑΜΑΡΟΥΣΙΟΥ (ΚΥΚΛΙΚΗ),56.48,0.0
bus,1668,868,ΘΡΙΑΣΙΟ ΝΟΣΟΚΟΜΕΙΟ - ΣΤ.ΑΓ.ΜΑΡΙΝΑ,5.0,868,ΘΡΙΑΣΙΟ ΝΟΣΟΚΟΜΕΙΟ - ΣΤ.ΑΓ.ΜΑΡΙΝΑ,5.0,0.0
bus,942,142,ΣΤ. ΑΡΓΥΡΟΥΠΟΛΗ - ΚΑΛΑΜΑΚΙ (ΚΥΚΛΙΚΗ),43.59,142,ΣΤ. ΑΡΓΥΡΟΥΠΟΛΗ - ΚΑΛΑΜΑΚΙ (ΚΥΚΛΙΚΗ),43.59,0.0
bus,986,705,ΚΑΜΑΤΕΡΟ - ΙΛΙΟΝ - ΠΛ. ΑΓ. ΑΝΑΡΓΥΡΩΝ - ΣΤ. ΑΝΘΟΥΠΟΛΗ (ΚΥΚΛΙΚΗ),25.0,705,ΚΑΜΑΤΕΡΟ - ΙΛΙΟΝ - ΠΛ. ΑΓ. ΑΝΑΡΓΥΡΩΝ - ΣΤ. ΑΝΘΟΥΠΟΛΗ (ΚΥΚΛΙΚΗ),25.0,0.0
bus,1017,911,ΣΤΑΘ. ΚΑΛΛΙΘΕΑΣ - ΙΔΡ. ΤΥΦΛΩΝ (ΚΥΚΛΙΚΗ),40.0,911,ΣΤΑΘ. ΚΑΛΛΙΘΕΑΣ - ΙΔΡ. ΤΥΦΛΩΝ (ΚΥΚΛΙΚΗ),40.0,0.0
